<?xml version="1.0" encoding="UTF-8"?>
<project-private xmlns="http://www.netbeans.org/ns/project-private/1">
    <editor-bookmarks xmlns="http://www.netbeans.org/ns/editor-bookmarks/2" lastBookmarkId="0"/>
    <open-files xmlns="http://www.netbeans.org/ns/projectui-open-files/2">
        <group>
            <file>file:/D:/UNIVERSIDAD/Tercero/Juegos%20en%20red%20para%20líderes%20de%20Anonymous/Cube%20Drop%20FINAL/public_html/index.html</file>
            <file>file:/D:/UNIVERSIDAD/Tercero/Juegos%20en%20red%20para%20líderes%20de%20Anonymous/Cube%20Drop%20FINAL/public_html/Escena5.js</file>
        </group>
    </open-files>
</project-private>
