<?xml version="1.0" encoding="UTF-8"?>
<project-private xmlns="http://www.netbeans.org/ns/project-private/1">
    <editor-bookmarks xmlns="http://www.netbeans.org/ns/editor-bookmarks/2" lastBookmarkId="0"/>
    <open-files xmlns="http://www.netbeans.org/ns/projectui-open-files/2">
        <group>
            <file>file://myappsdrive.alumnos.urjc.es/Home_VDI$/m.olmos.2017/Desktop/Cube%20Drop%20FINAL/public_html/index.html</file>
            <file>file://myappsdrive.alumnos.urjc.es/Home_VDI$/m.olmos.2017/Desktop/Cube%20Drop%20FINAL/public_html/Escena2.js</file>
            <file>file://myappsdrive.alumnos.urjc.es/Home_VDI$/m.olmos.2017/Desktop/Cube%20Drop%20FINAL/public_html/Escena1.js</file>
        </group>
    </open-files>
</project-private>
